condition,actual_readmissions,expected_readmissions,excess_readmissions,excess_cost_m,pct_of_total
Heart Failure,86138.0,76866.457147,9271.542852999999,140.93,35.0
Pneumonia,72958.0,64081.282323,8876.717677,134.93,33.5
COPD,25510.0,21724.37728,3785.62272,57.54,14.3
Acute MI,20678.0,17601.286269,3076.7137310000003,46.77,11.6
CABG,4247.0,3382.256218,864.743782,13.14,3.3
Hip/Knee Arthroplasty,2363.0,1779.073963,583.9260370000001,8.88,2.2
